{
  "U_bulk": 3.0000028074463043,
  "Q": 0.2885187,
  "area": 0.09617281,
  "D": 0.34993002846326476,
  "L": 20.0,
  "nu": 1e-06,
  "Re": 1049791.0677995596,
  "dp_numeric": 3.111162,
  "dp_theoretical": 0.01567975277939295,
  "error_pct": 19741.90722757333
}